{"cameraMode":{"drawMode":0,"name":"Shaded","section":"Shading Mode"},"sceneLighting":false,"audioPlay":false,"sceneViewState":{"m_AlwaysRefresh":true,"showFog":true,"showSkybox":false,"showFlares":true,"showImageEffects":true,"showParticleSystems":true,"showVisualEffectGraphs":true,"m_FxEnabled":true},"in2DMode":false,"pivot":{"x":-15.05202579498291,"y":4.408522129058838,"z":21.897350311279298},"rotation":{"x":0.005939875263720751,"y":0.9922642111778259,"z":-0.11241360753774643,"w":0.05244108662009239},"size":10.447325706481934,"orthographic":false}