{"cameraMode":{"drawMode":0,"name":"Shaded","section":"Shading Mode"},"sceneLighting":true,"audioPlay":false,"sceneViewState":{"m_AlwaysRefresh":false,"showFog":true,"showSkybox":true,"showFlares":true,"showImageEffects":true,"showParticleSystems":true,"showVisualEffectGraphs":true,"m_FxEnabled":true},"in2DMode":false,"pivot":{"x":-0.0002205371856689453,"y":0.9934835433959961,"z":-0.4217607378959656},"rotation":{"x":0.035496070981025699,"y":-0.896436333656311,"z":0.43567943572998049,"w":0.07303980737924576},"size":2.7754416465759279,"orthographic":false}