{"cameraMode":{"drawMode":0,"name":"Shaded","section":"Shading Mode"},"sceneLighting":true,"audioPlay":false,"sceneViewState":{"m_AlwaysRefresh":false,"showFog":true,"showSkybox":true,"showFlares":true,"showImageEffects":true,"showParticleSystems":true,"showVisualEffectGraphs":true,"m_FxEnabled":true},"in2DMode":false,"pivot":{"x":230.66983032226563,"y":266.93499755859377,"z":194.2008056640625},"rotation":{"x":0.035496070981025699,"y":-0.896436333656311,"z":0.43567943572998049,"w":0.07303980737924576},"size":261.6262512207031,"orthographic":false}