{"cameraMode":{"drawMode":0,"name":"Shaded","section":"Shading Mode"},"sceneLighting":true,"audioPlay":false,"sceneViewState":{"m_AlwaysRefresh":false,"showFog":true,"showSkybox":true,"showFlares":true,"showImageEffects":true,"showParticleSystems":true,"showVisualEffectGraphs":true,"m_FxEnabled":true},"in2DMode":false,"pivot":{"x":4.547215461730957,"y":20.921173095703126,"z":41.675453186035159},"rotation":{"x":-0.005859231576323509,"y":-0.9322476983070374,"z":0.36147215962409975,"w":-0.015105340629816056},"size":21.461050033569337,"orthographic":false}