{"cameraMode":{"drawMode":0,"name":"Shaded","section":"Shading Mode"},"sceneLighting":false,"audioPlay":false,"sceneViewState":{"m_AlwaysRefresh":false,"showFog":true,"showSkybox":false,"showFlares":true,"showImageEffects":true,"showParticleSystems":true,"showVisualEffectGraphs":true,"m_FxEnabled":true},"in2DMode":false,"pivot":{"x":-14.073564529418946,"y":4.50732946395874,"z":21.512737274169923},"rotation":{"x":0.05372034013271332,"y":-0.8663282990455627,"z":0.48731768131256106,"w":0.09550584852695465},"size":12.241898536682129,"orthographic":false}