{"cameraMode":{"drawMode":0,"name":"Shaded","section":"Shading Mode"},"sceneLighting":false,"audioPlay":false,"sceneViewState":{"m_AlwaysRefresh":true,"showFog":true,"showSkybox":false,"showFlares":true,"showImageEffects":true,"showParticleSystems":true,"showVisualEffectGraphs":true,"m_FxEnabled":true},"in2DMode":false,"pivot":{"x":-13.364291191101075,"y":-0.012093067169189453,"z":23.95966339111328},"rotation":{"x":0.005939875263720751,"y":0.9922642111778259,"z":-0.11241360753774643,"w":0.05244108662009239},"size":20.147178649902345,"orthographic":false}