{"cameraMode":{"drawMode":0,"name":"Shaded","section":"Shading Mode"},"sceneLighting":true,"audioPlay":false,"sceneViewState":{"m_AlwaysRefresh":true,"showFog":true,"showSkybox":true,"showFlares":true,"showImageEffects":true,"showParticleSystems":true,"showVisualEffectGraphs":true,"m_FxEnabled":true},"in2DMode":false,"pivot":{"x":-19.543272018432618,"y":-75.10975646972656,"z":54.38300323486328},"rotation":{"x":-0.012080208398401738,"y":0.9754510521888733,"z":-0.2128191739320755,"w":-0.05536646395921707},"size":124.31182098388672,"orthographic":false}