{"cameraMode":{"drawMode":0,"name":"Shaded","section":"Shading Mode"},"sceneLighting":false,"audioPlay":false,"sceneViewState":{"m_AlwaysRefresh":true,"showFog":true,"showSkybox":false,"showFlares":true,"showImageEffects":true,"showParticleSystems":true,"showVisualEffectGraphs":true,"m_FxEnabled":true},"in2DMode":false,"pivot":{"x":-15.598458290100098,"y":-5.400036811828613,"z":31.177013397216798},"rotation":{"x":-0.3567553162574768,"y":-0.00925145111978054,"z":0.0035330471582710745,"w":-0.9341512322425842},"size":21.77800750732422,"orthographic":false}